Timestamp,Status,Message
2025-05-12 15:25:40,initialize,ğŸš€ Starting report generation process...
2025-05-12 15:25:40,initialize,ğŸš€ Request created: 20250512_6c547e4e
2025-05-12 15:25:40,config,ğŸ§± Scanning configuration parameters
2025-05-12 15:25:40,config,ğŸŒ Report language: English
2025-05-12 15:25:40,config,ğŸ¦ Your bank: Kookmin Bank
2025-05-12 15:25:40,config,"ğŸ¢ You are comparing with: KEB Hana Bank, Woori Bank, Shinhan Bank"
2025-05-12 15:25:40,config,"ğŸ“Š The report will focus on: Market Share and Growth, Revenue and Profitability, Customer Acquisition Cost, Customer Lifetime Value, Digital Transformation Impact, Competitive Positioning"
2025-05-12 15:25:40,config,"ğŸ“ˆ The report will track these metrics: Card Issuance Volume, Transaction Volume, Revenue per Card, Customer Retention Rate, Digital Adoption Rate, Market Share by Segment"
2025-05-12 15:25:40,config,"ğŸ‘¥ The report will be tailored to these market segments: High Net Worth Individuals, Business Professionals, Digital-First Customers, Loyalty Program Members"
2025-05-12 15:25:40,config,"ğŸ“‹ The report will have these sections: Executive Summary, Premium Credit Card Product Comparison, Pricing and Fee Analysis, Rewards and Benefits Comparison, Digital Features and Mobile Banking, Customer Service and Support, Market Performance Metrics, Recommendations and Next Steps, Conclusion"
2025-05-12 15:25:40,config,ğŸ“ Strict structure: True
2025-05-12 15:25:40,config,ğŸ§ª Experimental mode: True
2025-05-12 15:25:40,config,ğŸ“„ Report orientation: portrait
2025-05-12 15:25:40,info,ğŸ’² You can view the cost metrics for this request at http://127.0.1.1:8000/api/metrics/20250512_6c547e4e
2025-05-12 15:25:40,info,"â„¹ï¸ To view the system log, please visit http://127.0.1.1:8000/api/logs/20250512_6c547e4e"
2025-05-12 15:25:40,generating,ğŸ’­ Report generation process started. This may take a while.
2025-05-12 15:25:40,generating,ğŸ“‹ Generating Table of Contents...
2025-05-12 15:25:40,generating,ğŸ“ Generating Table of Contents with model: gemini-2.5-pro-preview-05-06
2025-05-12 15:25:40,generating,Generating content with gemini-2.5-pro-preview-05-06...
